,AA Mutation,counts
0,p.(C1298_K1299)fs*?,1
1,p.(E1250_T1251)*,1
2,p.(H667_H668)fs*(13_14),1
3,p.(S354_G355)fs*?,1
4,p.(S393_A394)fs*(49_50),1
5,p.0,9
6,p.?,325
7,p.?del,1
8,p.?fs,33
9,p.?fs*?,31
10,p.A1045fs*?,1
11,p.A1071fs*11,1
12,p.A1072fs*4,1
13,p.A1080fs*3,1
14,p.A1153E,1
15,p.A1153fs*73,1
16,p.A1159fs*3,1
17,p.A1196fs*30,1
18,p.A1223fs*3,1
19,p.A1224fs*2,2
20,p.A1241D,2
21,p.A1241fs*12,1
22,p.A1264P,1
23,p.A1264V,1
24,p.A1264fs*?,1
25,p.A1272fs*27,1
26,p.A1272fs*?,1
27,p.A1283_S1284insA,1
28,p.A1341E,2
29,p.A1341fs*3,1
30,p.A1344E,2
31,p.A1355*,1
32,p.A1355E,2
33,p.A1355P,1
34,p.A1355V,3
35,p.A1355fs*8,3
36,p.A1373fs*75,1
37,p.A1379P,1
38,p.A1379V,1
39,p.A1381fs*20,1
40,p.A1476fs*1,1
41,p.A1505T,7
42,p.A1505V,1
43,p.A1508fs*63,2
44,p.A1512V,1
45,p.A1512fs*58,2
46,p.A1512fs*59,2
47,p.A1605S,3
48,p.A1794G,1
49,p.A1794fs*10,1
50,p.A1837fs*8,1
51,p.A1863D,1
52,p.A1863T,1
53,p.A1863V,1
54,p.A1865G,3
55,p.A1876G,1
56,p.A1876V,2
57,p.A1882P,1
58,p.A1882fs*9,1
59,p.A1915fs*?,1
60,p.A211fs*13,1
61,p.A256G,1
62,p.A277T,1
63,p.A277fs*16,1
64,p.A289fs*4,1
65,p.A295fs*?,1
66,p.A304V,1
67,p.A308T,1
68,p.A309fs*22,2
69,p.A31T,1
70,p.A336fs*3,1
71,p.A379V,1
72,p.A457T,1
73,p.A493fs*8,1
74,p.A619fs*19,1
75,p.A671fs*10,2
76,p.A671fs*29,1
77,p.A687T,1
78,p.A707fs*9,1
79,p.A727fs*23,1
80,p.A827T,2
81,p.A855fs*17,2
82,p.A912fs*12,3
83,p.A912fs*?,2
84,p.A915V,1
85,p.A915fs*6,1
86,p.A950fs*15,1
87,p.A996fs*13,2
88,p.C1016fs*16,1
89,p.C1016fs*17,1
90,p.C1016fs*7,1
91,p.C1135Y,3
92,p.C1135fs*7,1
93,p.C1193F,2
94,p.C1193S,2
95,p.C1193W,3
96,p.C1193Y,3
97,p.C1211R,1
98,p.C1211Y,4
99,p.C1211fs*11,1
100,p.C1221R,1
101,p.C1221S,1
102,p.C1221Y,4
103,p.C1221fs*5,1
104,p.C1221fs*?,1
105,p.C1263G,1
106,p.C1263R,1
107,p.C1263Y,1
108,p.C1263fs*3,1
109,p.C1271*,4
110,p.C1271G,3
111,p.C1271S,3
112,p.C1271W,7
113,p.C1271Y,4
114,p.C1271fs*29,12
115,p.C1271fs*91,1
116,p.C1271fs*92,3
117,p.C1271fs*94,1
118,p.C1273F,3
119,p.C1273R,1
120,p.C1273S,2
121,p.C1273Y,3
122,p.C1273fs*25,1
123,p.C1289F,5
124,p.C1289S,1
125,p.C1289Y,3
126,p.C1289fs*74,1
127,p.C1298F,1
128,p.C1298G,1
129,p.C1298T,1
130,p.C1298W,2
131,p.C1298Y,8
132,p.C1298del,1
133,p.C1298fs*2,1
134,p.C1298fs*65,1
135,p.C1358G,2
136,p.C1358R,1
137,p.C1358Y,2
138,p.C1358fs*41,1
139,p.C1374Y,1
140,p.C1378F,2
141,p.C1378R,3
142,p.C1378Y,7
143,p.C1378fs*21,1
144,p.C1378fs*70,1
145,p.C1396R,1
146,p.C1396W,2
147,p.C1396fs*5,1
148,p.C1464*,1
149,p.C1633fs*28,1
150,p.C1709*,1
151,p.C1709fs*10,1
152,p.C171*,2
153,p.C171fs*12,2
154,p.C1875R,1
155,p.C25R,14
156,p.C262*,1
157,p.C262fs*31,8
158,p.C314*,1
159,p.C314fs*17,1
160,p.C332*,2
161,p.C332fs*8,1
162,p.C353*,2
163,p.C484*,4
164,p.C484fs*6,1
165,p.C484fs*?,2
166,p.C501W,2
167,p.C529*,1
168,p.C677fs*22,1
169,p.C677fs*3,2
170,p.C677fs*4,1
171,p.C784*,1
172,p.C784fs*1,2
173,p.C828fs*13,2
174,p.C834Y,1
175,p.C882*,4
176,p.C882fs*39,1
177,p.C973fs*3,1
178,p.C987*,1
179,p.D1075fs*?,1
180,p.D1113fs*1,1
181,p.D1113fs*4,1
182,p.D1143fs*9,2
183,p.D1242V,2
184,p.D1242fs*11,3
185,p.D1242fs*24,1
186,p.D1314fs*49,3
187,p.D1376E,2
188,p.D1376G,1
189,p.D1376N,2
190,p.D1384G,1
191,p.D1384H,1
192,p.D1384N,1
193,p.D1384V,3
194,p.D1402fs*46,1
195,p.D1425fs*23,1
196,p.D1425fs*?,1
197,p.D1427Y,1
198,p.D1587N,1
199,p.D162fs*21,1
200,p.D162fs*9,3
201,p.D1640fs*55,1
202,p.D1665V,1
203,p.D1665fs*30,1
204,p.D1704fs*11,1
205,p.D1704fs*9,2
206,p.D1730G,1
207,p.D1730fs*15,1
208,p.D1750fs*4,1
209,p.D1844G,1
210,p.D299fs*9,1
211,p.D302fs*4,1
212,p.D390fs*37,1
213,p.D390fs*42,1
214,p.D527fs*6,1
215,p.D551fs*15,1
216,p.D551fs*9,2
217,p.D648fs*54,2
218,p.D666fs*14,1
219,p.D688G,1
220,p.D905fs*16,1
221,p.D932fs*21,3
222,p.E1029*,2
223,p.E1057*,2
224,p.E1082E,4
225,p.E1082fs*24,1
226,p.E1089A,1
227,p.E1106fs*23,5
228,p.E1137K,1
229,p.E1137fs*15,1
230,p.E1144A,1
231,p.E1144K,3
232,p.E1178*,3
233,p.E1178G,1
234,p.E1178fs*48,3
235,p.E1186fs*40,1
236,p.E1207*,2
237,p.E1207D,2
238,p.E1207Q,1
239,p.E121*,1
240,p.E1215*,1
241,p.E1215fs*8,1
242,p.E121fs*5,2
243,p.E1222*,1
244,p.E1222G,2
245,p.E1234*,1
246,p.E1234G,2
247,p.E1250*,2
248,p.E1267fs*1,1
249,p.E1268fs*32,1
250,p.E1279*,1
251,p.E1279G,1
252,p.E1279fs*20,1
253,p.E1318D,1
254,p.E1318E,1
255,p.E1318G,3
256,p.E1318fs*45,1
257,p.E1319*,2
258,p.E1319V,1
259,p.E1320*,1
260,p.E1320A,1
261,p.E1320fs*43,1
262,p.E1320fs*?,1
263,p.E1323*,4
264,p.E1323fs*16,2
265,p.E135*,1
266,p.E1352V,1
267,p.E1357fs*43,3
268,p.E1357fs*6,1
269,p.E135fs*?,1
270,p.E1428*,1
271,p.E1428fs*20,1
272,p.E1433G,1
273,p.E1437fs*?,1
274,p.E1459*,1
275,p.E1483*,1
276,p.E1483fs*2,1
277,p.E1490*,1
278,p.E1492*,2
279,p.E1492G,2
280,p.E1492K,1
281,p.E1492V,1
282,p.E1492fs*79,2
283,p.E149fs*13,1
284,p.E1513Q,1
285,p.E1555*,1
286,p.E1555fs*16,1
287,p.E1555fs*22,3
288,p.E1555fs*23,1
289,p.E1728fs*10,1
290,p.E1728fs*13,1
291,p.E1786fs*7,1
292,p.E184*,1
293,p.E1845*,1
294,p.E1845fs*42,1
295,p.E1874G,2
296,p.E1874K,2
297,p.E1874Q,2
298,p.E1874fs*12,1
299,p.E1879*,1
300,p.E1879A,1
301,p.E1879D,1
302,p.E1879G,1
303,p.E1879K,1
304,p.E1879fs*9,1
305,p.E1918*,2
306,p.E227*,1
307,p.E259*,1
308,p.E259fs*1,2
309,p.E263fs*30,1
310,p.E283*,3
311,p.E283fs*1,2
312,p.E283fs*11,1
313,p.E294*,1
314,p.E2fs*13,3
315,p.E320*,1
316,p.E330fs*1,1
317,p.E337*,1
318,p.E350K,1
319,p.E351*,2
320,p.E368*,1
321,p.E368fs*4,2
322,p.E375*,2
323,p.E421*,2
324,p.E432*,2
325,p.E448fs*2,1
326,p.E452fs*34,4
327,p.E47*,2
328,p.E503fs*30,1
329,p.E510*,2
330,p.E510fs*4,1
331,p.E524fs*44,2
332,p.E537fs*5,2
333,p.E537fs*6,1
334,p.E547*,1
335,p.E566*,2
336,p.E576*,1
337,p.E576fs*4,1
338,p.E583*,1
339,p.E583fs*17,1
340,p.E628E,2
341,p.E637*,1
342,p.E637fs*2,1
343,p.E692fs*3,1
344,p.E692fs*8,2
345,p.E711fs*40,3
346,p.E755*,1
347,p.E772fs*8,2
348,p.E783fs*?,1
349,p.E788*,1
350,p.E788K,1
351,p.E796*,1
352,p.E798*,1
353,p.E808fs*5,5
354,p.E843*,1
355,p.E846fs*1,1
356,p.E846fs*27,2
357,p.E846fs*?,1
358,p.E852*,4
359,p.E887*,2
360,p.E887fs*14,2
361,p.E961*,1
362,p.E971K,2
363,p.E984*,3
364,p.E984fs*23,1
365,p.F1041fs*2,3
366,p.F1104fs*2,5
367,p.F1104fs*25,1
368,p.F1104fs*27,2
369,p.F125fs*3,6
370,p.F1285del,6
371,p.F1285fs*78,1
372,p.F1287L,3
373,p.F1287S,4
374,p.F1287fs*75,1
375,p.F1287fs*76,3
376,p.F1287fs*77,1
377,p.F1300C,3
378,p.F1300I,1
379,p.F1309L,2
380,p.F1368L,2
381,p.F1368V,1
382,p.F1368Y,1
383,p.F1377I,1
384,p.F1377L,1
385,p.F1377S,2
386,p.F1377V,1
387,p.F1377fs*22,1
388,p.F1377fs*71,1
389,p.F1429fs*19,3
390,p.F1597fs*16,1
391,p.F1706fs*13,1
392,p.F1706fs*?,1
393,p.F1773fs*47,1
394,p.F1901fs*4,1
395,p.F1967F,1
396,p.F329L,2
397,p.F329fs*17,2
398,p.F381fs*9,2
399,p.F519fs*14,1
400,p.F653fs*47,2
401,p.F683fs*17,1
402,p.F760fs*8,2
403,p.F797fs*18,1
404,p.F868L,10
405,p.F928fs*7,2
406,p.G1137A,1
407,p.G1137D,5
408,p.G1145fs*12,1
409,p.G1152fs*5,1
410,p.G1154D,1
411,p.G1169R,1
412,p.G1172S,1
413,p.G1187fs*9,1
414,p.G1192R,2
415,p.G1192V,1
416,p.G1218fs*?,1
417,p.G1235*,1
418,p.G1235R,1
419,p.G1256A,2
420,p.G1256D,1
421,p.G1275E,3
422,p.G1275R,1
423,p.G1282C,1
424,p.G1282D,4
425,p.G1282R,1
426,p.G1282V,1
427,p.G1282del,1
428,p.G1282fs*82,1
429,p.G1288D,7
430,p.G1288S,3
431,p.G1288V,3
432,p.G1313*,1
433,p.G1361D,4
434,p.G1361R,1
435,p.G1361S,2
436,p.G1361V,1
437,p.G1361fs*2,2
438,p.G1365V,1
439,p.G1365fs*84,1
440,p.G1370E,2
441,p.G1370R,1
442,p.G1370V,1
443,p.G1370W,1
444,p.G1430fs*48,2
445,p.G1519fs*52,1
446,p.G1606A,1
447,p.G1606fs*4,2
448,p.G1703fs*16,1
449,p.G1719E,1
450,p.G1719R,1
451,p.G1731fs*14,2
452,p.G1735*,1
453,p.G1735R,1
454,p.G1735fs*1,1
455,p.G1754fs*7,1
456,p.G1754fs*9,1
457,p.G1815fs*5,1
458,p.G1824fs*23,1
459,p.G1839fs*48,1
460,p.G1861E,2
461,p.G1861R,2
462,p.G1861fs*26,3
463,p.G1869E,4
464,p.G1869V,1
465,p.G1869W,1
466,p.G1913D,3
467,p.G1913V,2
468,p.G1946fs*4,1
469,p.G210D,2
470,p.G342*,2
471,p.G342fs*5,2
472,p.G349fs*3,1
473,p.G355D,4
474,p.G355fs*17,1
475,p.G364D,2
476,p.G364fs*8,1
477,p.G364fs*?,1
478,p.G422*,1
479,p.G422fs*5,2
480,p.G429R,1
481,p.G494R,2
482,p.G520S,2
483,p.G607*,1
484,p.G613fs*?,1
485,p.G773V,1
486,p.G773fs*41,2
487,p.G805*,1
488,p.G856fs*17,2
489,p.G898*,6
490,p.G908fs*14,1
491,p.G934*,1
492,p.G934fs*18,2
493,p.G935*,2
494,p.G935fs*36,2
495,p.H1036fs*4,2
496,p.H1036fs*7,4
497,p.H1150D,1
498,p.H1150fs*2,1
499,p.H1219L,1
500,p.H1219Q,1
501,p.H1219R,2
502,p.H1219Y,1
503,p.H1325fs*13,1
504,p.H1325fs*?,1
505,p.H1353fs*10,1
506,p.H1380H,12
507,p.H1380L,2
508,p.H1380P,2
509,p.H1380R,2
510,p.H1380Y,19
511,p.H1382D,1
512,p.H1382Y,2
513,p.H1386fs*15,1
514,p.H1416R,1
515,p.H169fs*6,3
516,p.H169fs*?,1
517,p.H1727fs*17,1
518,p.H1757fs*6,1
519,p.H1761fs*2,1
520,p.H1778R,8
521,p.H1778fs*10,1
522,p.H1792Y,1
523,p.H1792fs*28,1
524,p.H1792fs*?,1
525,p.H1806Y,1
526,p.H1817N,2
527,p.H1868P,1
528,p.H1868R,1
529,p.H1868Y,2
530,p.H1868_G1869insH,1
531,p.H1881L,1
532,p.H1881N,1
533,p.H1881P,1
534,p.H1881Q,1
535,p.H1881R,4
536,p.H1881Y,3
537,p.H1893Y,1
538,p.H1904?,1
539,p.H1904L,1
540,p.H1904Q,2
541,p.H1904R,8
542,p.H1912P,1
543,p.H1912Q,2
544,p.H1912R,1
545,p.H1912Y,3
546,p.H248Q,1
547,p.H434Y,2
548,p.H558fs*8,1
549,p.H573Y,1
550,p.H573fs*7,1
551,p.H629fs*10,2
552,p.H629fs*?,1
553,p.H658P,1
554,p.H658fs*22,2
555,p.H658fs*42,2
556,p.H667fs*28,1
557,p.H667fs*35,1
558,p.H682fs*11,1
559,p.H682fs*?,1
560,p.H717fs*5,3
561,p.H717fs*6,2
562,p.H721fs*1,1
563,p.H724fs*28,2
564,p.H724fs*29,1
565,p.H737fs*17,2
566,p.H762fs*51,1
567,p.H762fs*?,1
568,p.H786fs*27,3
569,p.H786fs*3,2
570,p.H800fs*13,2
571,p.H839fs*2,2
572,p.H850R,1
573,p.H863fs*9,5
574,p.H880fs*20,1
575,p.H880fs*41,3
576,p.H922fs*30,1
577,p.H924fs*10,1
578,p.H937D,2
579,p.H937fs*16,4
580,p.H949R,1
581,p.H949fs*23,2
582,p.H949fs*4,1
583,p.H949fs*5,2
584,p.H955fs*17,1
585,p.H994fs*13,1
586,p.H994fs*?,1
587,p.I1024fs*5,1
588,p.I1025fs*8,1
589,p.I1105fs,1
590,p.I1105fs*25,1
591,p.I1116fs*14,1
592,p.I1139fs*13,1
593,p.I1140fs*12,1
594,p.I1140fs*3,1
595,p.I1163fs*63,2
596,p.I1175F,1
597,p.I1175V,1
598,p.I1177fs*49,1
599,p.I1177fs*?,1
600,p.I1195V,1
601,p.I1195delI,1
602,p.I1195fs*31,1
603,p.I1226fs*?,1
604,p.I1236N,1
605,p.I1236_P1237>M,1
606,p.I1444fs*34,1
607,p.I1588fs*26,2
608,p.I1762R,3
609,p.I1762V,51
610,p.I1762fs*3,1
611,p.I1859fs*27,1
612,p.I1871S,2
613,p.I1873N,3
614,p.I1873T,31
615,p.I1873fs*14,1
616,p.I197fs*10,1
617,p.I264fs*18,1
618,p.I274fs*19,2
619,p.I340fs*?,1
620,p.I490fs*14,4
621,p.I540fs*?,1
622,p.I750_K753del,1
623,p.I750fs*2,1
624,p.I750fs*62,1
625,p.I756fs*57,1
626,p.I830fs*16,3
627,p.I873fs*28,1
628,p.I873fs*41,4
629,p.K1001*,1
630,p.K1005fs*2,2
631,p.K1022fs*4,1
632,p.K1038fs*14,1
633,p.K1038fs*5,2
634,p.K1049fs*6,2
635,p.K1052*,2
636,p.K1090fs*16,1
637,p.K110R,2
638,p.K1125fs*13,1
639,p.K1138fs*15,1
640,p.K1142T,1
641,p.K1171N,1
642,p.K1197E,1
643,p.K1197R,3
644,p.K1197_W1198del,1
645,p.K1208*,1
646,p.K1208fs*18,1
647,p.K1243R,1
648,p.K1243fs*10,1
649,p.K1254*,1
650,p.K1299*,1
651,p.K1299E,2
652,p.K1299N,3
653,p.K1299T,1
654,p.K1299fs*1,1
655,p.K1299fs*12,1
656,p.K1308fs*55,2
657,p.K1310T,1
658,p.K1310fs*1,1
659,p.K1310fs*6,1
660,p.K1338*,1
661,p.K1338fs*1,1
662,p.K1338fs*2,1
663,p.K1339*,1
664,p.K1339R,1
665,p.K1363*,1
666,p.K1409*,1
667,p.K1422fs*27,3
668,p.K1422fs*3,1
669,p.K1438*,1
670,p.K1439*,1
671,p.K1439fs*9,3
672,p.K1439fs*?,1
673,p.K1468fs*9,1
674,p.K1472fs*99,1
675,p.K1491*,1
676,p.K1491R,1
677,p.K1491fs*80,1
678,p.K1493fs*78,1
679,p.K1500N,1
680,p.K1509*,1
681,p.K1509fs*62,1
682,p.K1533fs*39,1
683,p.K161fs*10,1
684,p.K1692*,1
685,p.K1692fs*4,1
686,p.K1752*,1
687,p.K1752fs*1,1
688,p.K1785fs*35,1
689,p.K1818fs*2,1
690,p.K1827*,1
691,p.K1827fs*6,1
692,p.K1905E,1
693,p.K1911_L1916del,1
694,p.K1924E,1
695,p.K201fs*1,1
696,p.K228N,2
697,p.K228fs*?,1
698,p.K306*,1
699,p.K326fs*4,2
700,p.K345fs*1,1
701,p.K372fs*5,2
702,p.K389Q,1
703,p.K389fs*38,2
704,p.K402(Yfs*41^Q403Tfs*40),1
705,p.K423*,2
706,p.K450*,3
707,p.K504N,1
708,p.K504fs*28,1
709,p.K53E,1
710,p.K53fs*14,2
711,p.K561fs*6,2
712,p.K561fs*8,3
713,p.K568K,2
714,p.K623*,1
715,p.K630*,2
716,p.K655fs*45,1
717,p.K670fs*9,2
718,p.K693fs*7,2
719,p.K722fs*29,1
720,p.K747fs*4,1
721,p.K751fs*61,1
722,p.K793*,2
723,p.K793fs*20,1
724,p.K829fs*2,2
725,p.K845fs*28,1
726,p.K889R,1
727,p.K889fs*32,2
728,p.K948fs*23,1
729,p.K948fs*5,1
730,p.K959fs*15,1
731,p.K959fs*?,1
732,p.K95fs*18,1
733,p.K982*,1
734,p.L103V,2
735,p.L1040*,1
736,p.L1046(Hfs*12^L1047Yfs*11),1
737,p.L1046fs*?,1
738,p.L107fs*8,1
739,p.L1081*,1
740,p.L1101I,1
741,p.L1111*,1
742,p.L1111fs*2,1
743,p.L1119*,6
744,p.L1120*,1
745,p.L1151P,2
746,p.L1209P,2
747,p.L1209fs*17,1
748,p.L1210P,2
749,p.L1212S,2
750,p.L1212fs*14,1
751,p.L1229R,3
752,p.L1231P,2
753,p.L1240fs*14,1
754,p.L1240fs*2,1
755,p.L1240fs*3,1
756,p.L1244fs*24,1
757,p.L1244fs*?,1
758,p.L1248H,1
759,p.L1248P,2
760,p.L1248R,1
761,p.L1252P,1
762,p.L1252fs*14,1
763,p.L1258fs*?,1
764,p.L1276fs*87,1
765,p.L1312V,1
766,p.L1322P,4
767,p.L1322Q,9
768,p.L1322R,1
769,p.L1326S,1
770,p.L1326fs*13,1
771,p.L1329P,1
772,p.L1329Q,1
773,p.L1329R,1
774,p.L1332F,1
775,p.L1332P,1
776,p.L1340P,2
777,p.L1340R,3
778,p.L1360Q,4
779,p.L1360R,2
780,p.L1375fs*26,1
781,p.L1385fs*16,1
782,p.L1398P,2
783,p.L1398R,1
784,p.L1398fs*50,1
785,p.L1415R,2
786,p.L1418P,1
787,p.L1418fs*31,1
788,p.L1420fs*26,2
789,p.L1420fs*27,1
790,p.L1420fs*28,1
791,p.L1482fs*89,2
792,p.L1511*,2
793,p.L1515*,1
794,p.L1515fs*56,4
795,p.L1515fs*63,1
796,p.L1531fs*43,1
797,p.L1609M,1
798,p.L1609fs*1,2
799,p.L1609fs*45,1
800,p.L1609fs*5,1
801,p.L1621fs*?,1
802,p.L1622*,1
803,p.L1622fs*1,2
804,p.L1637fs*?,1
805,p.L1646fs*66,1
806,p.L1658L,1
807,p.L1667fs*17,1
808,p.L1667fs*23,1
809,p.L1667fs*25,1
810,p.L1721*,2
811,p.L1721W,29
812,p.L1721fs*24,1
813,p.L1740*,2
814,p.L1780fs*40,1
815,p.L1780fs*9,2
816,p.L1797fs*23,1
817,p.L1801F,1
818,p.L1816*,3
819,p.L1816fs*4,1
820,p.L1819*,4
821,p.L1819fs*1,1
822,p.L1819fs*3,1
823,p.L1855fs*29,1
824,p.L1872P,3
825,p.L1872R,3
826,p.L1899P,1
827,p.L1899fs*9,1
828,p.L1971F,1
829,p.L199*,1
830,p.L199fs*3,1
831,p.L206R,1
832,p.L225fs*23,1
833,p.L226fs*24,2
834,p.L226fs*?,1
835,p.L230fs*23,1
836,p.L260fs*33,1
837,p.L307R,1
838,p.L311fs*36,2
839,p.L346P,2
840,p.L34F,5
841,p.L371*,1
842,p.L40P,2
843,p.L418fs*25,2
844,p.L426fs*?,1
845,p.L431*,1
846,p.L431fs*1,1
847,p.L446fs*8,3
848,p.L476fs*3,2
849,p.L532fs*35,2
850,p.L541*,1
851,p.L541P,2
852,p.L560fs*1,1
853,p.L560fs*8,1
854,p.L560fs*?,1
855,p.L567fs*14,2
856,p.L590_H650del,1
857,p.L615F,2
858,p.L615fs*23,17
859,p.L615fs*24,4
860,p.L627fs*12,2
861,p.L651P,1
862,p.L668fs*32,3
863,p.L676fs*5,2
864,p.L694fs*5,2
865,p.L699M,2
866,p.L699fs*1,1
867,p.L703fs*1,2
868,p.L719fs*32,3
869,p.L757fs*12,1
870,p.L757fs*56,3
871,p.L840fs*1,1
872,p.L853fs*20,2
873,p.L862fs*8,2
874,p.L878fs*43,2
875,p.L914fs*8,2
876,p.L956V,1
877,p.L957*,1
878,p.M1028fs*5,1
879,p.M1164K,1
880,p.M1164R,1
881,p.M1164fs*61,1
882,p.M1164fs*62,1
883,p.M1293I,1
884,p.M1333fs*6,4
885,p.M1388I,2
886,p.M1388fs*60,1
887,p.M1595fs*15,1
888,p.M1749fs*4,1
889,p.M1800fs*6,1
890,p.M1907K,1
891,p.M1907T,1
892,p.M1907fs*3,1
893,p.M376fs*1,1
894,p.M475fs*11,1
895,p.M508W,1
896,p.M600V,1
897,p.M600fs*39,1
898,p.M633fs*6,1
899,p.M638V,2
900,p.M695fs*17,5
901,p.M695fs*?,1
902,p.M804fs*9,1
903,p.M906fs*17,2
904,p.M906fs*18,5
905,p.M993fs*15,1
906,p.M993fs*16,2
907,p.N1000fs*7,1
908,p.N1018fs*11,1
909,p.N1018fs*15,1
910,p.N1102>KG,1
911,p.N1102fs*2,1
912,p.N1103fs*24,2
913,p.N1118fs*?,1
914,p.N1156I,4
915,p.N1156fs*?,1
916,p.N124fs*1,4
917,p.N1260S,1
918,p.N1260fs*6,1
919,p.N1266H,1
920,p.N1266Y,1
921,p.N1266fs*97,1
922,p.N1328fs*11,1
923,p.N132fs*13,2
924,p.N1387I,1
925,p.N1387S,2
926,p.N1390fs*59,1
927,p.N1489fs*82,1
928,p.N1489fs*?,1
929,p.N1504fs*61,2
930,p.N1567S,1
931,p.N1596fs*14,1
932,p.N1613fs*1,1
933,p.N1613fs*47,1
934,p.N1641I,2
935,p.N1685fs*2,1
936,p.N1743fs*17,1
937,p.N1746fs*5,1
938,p.N1746fs*7,1
939,p.N1753fs*10,2
940,p.N1753fs*3,2
941,p.N1784fs*36,2
942,p.N1805N,1
943,p.N1805fs*1,1
944,p.N183fs*2,2
945,p.N1890S,2
946,p.N1890fs*2,1
947,p.N1892fs*14,1
948,p.N196K,1
949,p.N202fs*8,2
950,p.N250fs*4,1
951,p.N275S,3
952,p.N275fs*18,25
953,p.N281*,1
954,p.N281fs*1,3
955,p.N312S,1
956,p.N338fs*9,1
957,p.N427S,2
958,p.N427fs*4,2
959,p.N439fs,1
960,p.N439fs*2,2
961,p.N535fs*6,3
962,p.N582fs*1,2
963,p.N595fs*6,1
964,p.N598fs*3,1
965,p.N608fs*31,1
966,p.N610fs*29,1
967,p.N704fs*8,1
968,p.N71fs*5,1
969,p.N752fs*2,2
970,p.N752fs*59,2
971,p.N752fs*60,4
972,p.N789fs*13,1
973,p.N7S,1
974,p.N801fs*16,1
975,p.N813fs*12,1
976,p.N816fs*8,1
977,p.N837fs*4,2
978,p.N844fs*28,1
979,p.N844fs*29,4
980,p.N844fs*?,2
981,p.N857fs*16,4
982,p.N861fs*12,1
983,p.N903fs*18,2
984,p.N923fs*2,1
985,p.N923fs*31,2
986,p.N926fs*7,2
987,p.P1013fs*?,1
988,p.P101H,1
989,p.P101T,2
990,p.P1061fs*5,1
991,p.P1079fs*8,1
992,p.P1092fs*14,1
993,p.P1108fs*22,3
994,p.P1108fs*5,1
995,p.P1115H,2
996,p.P1115fs*15,3
997,p.P1115fs*2,9
998,p.P1123H,2
999,p.P1123fs*15,2
1000,p.P1131fs*6,2
1001,p.P1194A,1
1002,p.P1194L,1
1003,p.P1194R,1
1004,p.P1237P,1
1005,p.P1237_S1239del,1
1006,p.P1237fs*16,1
1007,p.P1316fs*47,1
1008,p.P1335Q,1
1009,p.P133fs*12,4
1010,p.P1367L,1
1011,p.P1367Q,1
1012,p.P1367R,1
1013,p.P1367S,2
1014,p.P139fs*6,2
1015,p.P1419R,7
1016,p.P1419S,1
1017,p.P1419fs*29,1
1018,p.P1419fs*8,1
1019,p.P1460S,1
1020,p.P1536fs*38,1
1021,p.P1544L,1
1022,p.P1544S,1
1023,p.P1552T,1
1024,p.P1575L,1
1025,p.P1575fs*31,2
1026,p.P1575fs*33,1
1027,p.P1617H,1
1028,p.P1619fs*4,1
1029,p.P1619fs*5,1
1030,p.P1629fs*31,1
1031,p.P1644fs*11,1
1032,p.P1644fs*51,1
1033,p.P1674fs*12,1
1034,p.P1681fs*2,1
1035,p.P1681fs*3,2
1036,p.P1723S,3
1037,p.P1741fs*4,1
1038,p.P174H,2
1039,p.P174fs*9,2
1040,p.P1759fs*4,1
1041,p.P177fs*6,1
1042,p.P1829fs*4,1
1043,p.P1857S,1
1044,p.P1857fs*14,1
1045,p.P1885R,1
1046,p.P1885fs*?,1
1047,p.P1889L,4
1048,p.P1889R,1
1049,p.P1889_N1890del,1
1050,p.P1894H,1
1051,p.P1894L,3
1052,p.P1894R,1
1053,p.P1894T,2
1054,p.P1937S,1
1055,p.P1941S,1
1056,p.P1962L,10
1057,p.P1962T,2
1058,p.P22L,1
1059,p.P285fs*8,2
1060,p.P29R,3
1061,p.P333fs*14,2
1062,p.P363L,8
1063,p.P398L,1
1064,p.P399L,1
1065,p.P399fs*44,1
1066,p.P401delP,2
1067,p.P409fs*17,1
1068,p.P409fs*33,1
1069,p.P411del,1
1070,p.P413fs*14,3
1071,p.P413fs*27,2
1072,p.P419fs*7,2
1073,p.P419fs*8,2
1074,p.P419fs*?,1
1075,p.P463fs*23,2
1076,p.P463fs*?,1
1077,p.P480fs*6,2
1078,p.P499fs*34,2
1079,p.P554fs*13,1
1080,p.P555L,1
1081,p.P555fs*5,1
1082,p.P555fs*6,1
1083,p.P562fs*6,2
1084,p.P562fs*7,2
1085,p.P570fs*14,4
1086,p.P587fs*51,1
1087,p.P594fs*42,4
1088,p.P616S,1
1089,p.P697T,1
1090,p.P697fs*1,2
1091,p.P697fs*3,1
1092,p.P697fs*4,1
1093,p.P723fs*3,2
1094,p.P761L,1
1095,p.P761fs*52,5
1096,p.P761fs*8,2
1097,p.P763L,1
1098,p.P818fs*2,2
1099,p.P851fs*22,6
1100,p.P851fs*23,1
1101,p.P851fs*?,1
1102,p.P869fs*3,1
1103,p.P869fs*4,3
1104,p.P874A,1
1105,p.P929fs*24,3
1106,p.P929fs*4,2
1107,p.P968L,2
1108,p.P985fs*22,2
1109,p.P989fs*21,2
1110,p.P997fs*12,1
1111,p.P997fs*8,1
1112,p.Q1009*,2
1113,p.Q1020*,4
1114,p.Q1020fs*13,1
1115,p.Q1020fs*16,1
1116,p.Q1021*,2
1117,p.Q1030*,3
1118,p.Q1030Q,2
1119,p.Q1030fs*3,2
1120,p.Q1034*,3
1121,p.Q1051*,1
1122,p.Q1053*,4
1123,p.Q1068*,4
1124,p.Q1068fs*13,1
1125,p.Q108*,1
1126,p.Q1083*,7
1127,p.Q1084*,1
1128,p.Q108L,1
1129,p.Q1127*,1
1130,p.Q1127fs*10,2
1131,p.Q1138*,2
1132,p.Q1170*,4
1133,p.Q1170fs*56,2
1134,p.Q1191*,3
1135,p.Q1274*,3
1136,p.Q1274E,2
1137,p.Q1274R,1
1138,p.Q1274W,1
1139,p.Q1274fs*25,3
1140,p.Q129*,2
1141,p.Q129K,1
1142,p.Q1327*,3
1143,p.Q1327P,1
1144,p.Q1348P,2
1145,p.Q1348R,2
1146,p.Q1389*,2
1147,p.Q1414*,3
1148,p.Q1414E,1
1149,p.Q1414K,1
1150,p.Q1414R,1
1151,p.Q1435*,3
1152,p.Q1445*,3
1153,p.Q1445R,1
1154,p.Q1466*,1
1155,p.Q1466_K1472del,1
1156,p.Q1501*,1
1157,p.Q1501fs*69,2
1158,p.Q1507*,2
1159,p.Q1510fs*68,1
1160,p.Q1523*,2
1161,p.Q1523fs*55,1
1162,p.Q1524*,3
1163,p.Q1524fs*54,1
1164,p.Q1526*,1
1165,p.Q1526fs*45,1
1166,p.Q1527*,1
1167,p.Q1529*,2
1168,p.Q1529fs*42,1
1169,p.Q1532*,1
1170,p.Q1532fs*?,2
1171,p.Q1534*,3
1172,p.Q1534fs*43,1
1173,p.Q1537*,3
1174,p.Q1539*,4
1175,p.Q1540*,2
1176,p.Q1540fs*31,1
1177,p.Q1541*,2
1178,p.Q1542*,3
1179,p.Q1545*,2
1180,p.Q1545fs*26,1
1181,p.Q1545fs*33,1
1182,p.Q1546*,2
1183,p.Q1547*,5
1184,p.Q1548*,4
1185,p.Q1548L,1
1186,p.Q1553*,4
1187,p.Q1603*,1
1188,p.Q1624*,4
1189,p.Q1627*,2
1190,p.Q1627fs*33,1
1191,p.Q1627fs*68,1
1192,p.Q1632*,1
1193,p.Q1652*,1
1194,p.Q1654*,2
1195,p.Q1654Q,1
1196,p.Q1664*,1
1197,p.Q1680*,5
1198,p.Q1680R,1
1199,p.Q1680fs*15,2
1200,p.Q1687*,4
1201,p.Q1699*,1
1202,p.Q1702*,5
1203,p.Q1783*,2
1204,p.Q1825*,3
1205,p.Q1828*,5
1206,p.Q1828Q,2
1207,p.Q1828fs*5,1
1208,p.Q1834*,2
1209,p.Q1834fs*53,1
1210,p.Q1834fs*7,1
1211,p.Q185*,2
1212,p.Q1852*,5
1213,p.Q1942*,1
1214,p.Q232*,6
1215,p.Q232R,1
1216,p.Q232fs*18,2
1217,p.Q255*,3
1218,p.Q255fs*38,2
1219,p.Q26*,1
1220,p.Q26H,1
1221,p.Q273*,4
1222,p.Q273fs*11,1
1223,p.Q278*,2
1224,p.Q317*,2
1225,p.Q317fs*30,7
1226,p.Q321*,5
1227,p.Q321del,1
1228,p.Q323*,4
1229,p.Q324*,3
1230,p.Q324fs*23,2
1231,p.Q325*,7
1232,p.Q341*,5
1233,p.Q341fs*10,2
1234,p.Q341fs*6,1
1235,p.Q35*,1
1236,p.Q361*,1
1237,p.Q373fs*15,2
1238,p.Q383*,6
1239,p.Q403*,3
1240,p.Q414*,4
1241,p.Q417*,8
1242,p.Q440*,1
1243,p.Q461*,1
1244,p.Q461fs*25,4
1245,p.Q481*,5
1246,p.Q491*,1
1247,p.Q491K,2
1248,p.Q491fs*6,1
1249,p.Q526*,1
1250,p.Q530*,4
1251,p.Q531*,2
1252,p.Q548L,1
1253,p.Q557*,7
1254,p.Q574*,1
1255,p.Q574fs*6,3
1256,p.Q591*,9
1257,p.Q593*,1
1258,p.Q599*,1
1259,p.Q599R,2
1260,p.Q599fs*1,1
1261,p.Q622*,5
1262,p.Q622fs*17,2
1263,p.Q626*,4
1264,p.Q632*,1
1265,p.Q632fs*6,1
1266,p.Q635*,9
1267,p.Q640*,2
1268,p.Q642*,4
1269,p.Q642fs*58,1
1270,p.Q644*,3
1271,p.Q649*,5
1272,p.Q652*,10
1273,p.Q652fs*48,5
1274,p.Q654*,10
1275,p.Q654fs*46,2
1276,p.Q659*,5
1277,p.Q659fs*22,2
1278,p.Q674*,3
1279,p.Q674K,2
1280,p.Q674fs*4,1
1281,p.Q684E,1
1282,p.Q684fs*16,2
1283,p.Q685*,2
1284,p.Q690*,6
1285,p.Q690fs*?,1
1286,p.Q701*,1
1287,p.Q705*,5
1288,p.Q706*,8
1289,p.Q720*,2
1290,p.Q726*,4
1291,p.Q729*,1
1292,p.Q731*,1
1293,p.Q731fs*22,2
1294,p.Q734*,2
1295,p.Q734fs*20,1
1296,p.Q740*,1
1297,p.Q742*,2
1298,p.Q742K,1
1299,p.Q742fs*1,1
1300,p.Q743*,5
1301,p.Q744*,13
1302,p.Q744fs*10,2
1303,p.Q745*,3
1304,p.Q746*,5
1305,p.Q749*,4
1306,p.Q749fs*?,2
1307,p.Q758*,4
1308,p.Q758fs*53,1
1309,p.Q764fs*5,13
1310,p.Q764fs*7,1
1311,p.Q764fs*?,1
1312,p.Q769*,3
1313,p.Q769fs*12,2
1314,p.Q769fs*44,4
1315,p.Q769fs*?,1
1316,p.Q778*,1
1317,p.Q790*,3
1318,p.Q80*,2
1319,p.Q803*,4
1320,p.Q810*,10
1321,p.Q831*,2
1322,p.Q831fs*14,2
1323,p.Q831fs*15,2
1324,p.Q831fs*16,2
1325,p.Q847fs*25,1
1326,p.Q860*,2
1327,p.Q860fs*1,1
1328,p.Q860fs*13,1
1329,p.Q866*,6
1330,p.Q866fs*28,2
1331,p.Q876*,6
1332,p.Q876fs*25,1
1333,p.Q884*,1
1334,p.Q884fs*17,1
1335,p.Q886*,4
1336,p.Q886fs*35,2
1337,p.Q886fs*36,1
1338,p.Q888*,3
1339,p.Q891*,4
1340,p.Q891fs*30,2
1341,p.Q892*,1
1342,p.Q897*,1
1343,p.Q897fs*24,2
1344,p.Q904*,3
1345,p.Q909*,2
1346,p.Q909fs*14,2
1347,p.Q910*,5
1348,p.Q913*,9
1349,p.Q913fs*11,2
1350,p.Q916*,43
1351,p.Q917*,3
1352,p.Q917fs*7,2
1353,p.Q933*,1
1354,p.Q939*,1
1355,p.Q943*,4
1356,p.Q943T,1
1357,p.Q947*,3
1358,p.Q958*,6
1359,p.Q958fs*14,2
1360,p.Q958fs*?,2
1361,p.Q960*,2
1362,p.Q960fs*50,1
1363,p.Q963*,2
1364,p.Q966*,9
1365,p.Q966fs*42,2
1366,p.Q966fs*5,1
1367,p.Q966fs*?,1
1368,p.Q967fs*40,1
1369,p.Q969P,1
1370,p.Q976*,1
1371,p.R1067*,1
1372,p.R1134fs*4,1
1373,p.R1134fs*7,1
1374,p.R1161S,1
1375,p.R1161fs*13,1
1376,p.R1161fs*64,1
1377,p.R1167K,4
1378,p.R1167M,1
1379,p.R1167S,1
1380,p.R1167T,2
1381,p.R1167del,1
1382,p.R1176W,1
1383,p.R1176fs*50,1
1384,p.R1179G,1
1385,p.R1179fs*47,1
1386,p.R1179fs*6,2
1387,p.R1179fs*7,2
1388,p.R1202*,3
1389,p.R1214Q,3
1390,p.R1214W,11
1391,p.R1216*,32
1392,p.R1216Q,2
1393,p.R122*,2
1394,p.R123fs*5,1
1395,p.R1261C,20
1396,p.R1261G,1
1397,p.R1261H,15
1398,p.R1261L,2
1399,p.R1261P,1
1400,p.R1261S,1
1401,p.R1262P,1
1402,p.R1262Q,2
1403,p.R1262W,4
1404,p.R1262fs*8,1
1405,p.R1302*,1
1406,p.R1302G,2
1407,p.R1302S,1
1408,p.R1307S,1
1409,p.R1307fs*56,1
1410,p.R1354fs*46,3
1411,p.R1359C,15
1412,p.R1359H,6
1413,p.R1359P,3
1414,p.R1359S,3
1415,p.R1366H,7
1416,p.R1366L,3
1417,p.R1383G,3
1418,p.R1383fs*65,1
1419,p.R1404*,23
1420,p.R1440P,1
1421,p.R1440fs*37,1
1422,p.R1440fs*38,14
1423,p.R1440fs*40,1
1424,p.R1440fs*?,1
1425,p.R1452*,17
1426,p.R1452fs,1
1427,p.R1465*,42
1428,p.R1465Q,1
1429,p.R1467K,1
1430,p.R1516*,26
1431,p.R1543del,2
1432,p.R1572W,3
1433,p.R1572fs*6,1
1434,p.R1572fs*7,1
1435,p.R1660G,1
1436,p.R1682fs*13,1
1437,p.R1739I,3
1438,p.R1739fs*14,1
1439,p.R1739fs*6,1
1440,p.R1878C,1
1441,p.R1878H,2
1442,p.R1891G,1
1443,p.R1896G,1
1444,p.R1896M,4
1445,p.R1896S,1
1446,p.R1896T,2
1447,p.R1966C,1
1448,p.R1966H,1
1449,p.R2000K,2
1450,p.R506*,1
1451,p.R544*,32
1452,p.R550*,61
1453,p.R550fs*17,1
1454,p.R617fs*19,1
1455,p.R617fs*21,1
1456,p.R617fs*22,1
1457,p.R686*,2
1458,p.R686S,1
1459,p.R686fs*7,1
1460,p.R771fs*10,1
1461,p.R814C,3
1462,p.R814fs*10,3
1463,p.R815I,1
1464,p.R815fs*10,2
1465,p.R881R,1
1466,p.R881fs*20,1
1467,p.R918fs*5,2
1468,p.R953fs*19,2
1469,p.R96C,1
1470,p.R979Lfs*5,1
1471,p.S1023fs*6,2
1472,p.S1023fs*?,1
1473,p.S1039L,1
1474,p.S1039S,11
1475,p.S104fs*9,2
1476,p.S1050*,2
1477,p.S1059*,6
1478,p.S1059fs*9,1
1479,p.S1059fs*?,1
1480,p.S1087fs*16,1
1481,p.S1088*,4
1482,p.S1107*,1
1483,p.S1162F,1
1484,p.S1190Y,1
1485,p.S1190fs*3,2
1486,p.S1203R,6
1487,p.S1246*,1
1488,p.S1246L,1
1489,p.S1284F,2
1490,p.S1284fs*9,1
1491,p.S1286P,1
1492,p.S1290*,2
1493,p.S1290P,1
1494,p.S1292R,4
1495,p.S1303N,1
1496,p.S1303R,2
1497,p.S1303fs*58,1
1498,p.S1330fs*33,1
1499,p.S1369*,2
1500,p.S137fs*8,1
1501,p.S1392R,1
1502,p.S1424fs*24,1
1503,p.S1431I,1
1504,p.S1441fs*7,1
1505,p.S145N,1
1506,p.S1481fs*90,1
1507,p.S1486*,3
1508,p.S1494*,2
1509,p.S1497*,2
1510,p.S1497P,1
1511,p.S1518*,2
1512,p.S1518fs*60,1
1513,p.S1525fs*53,2
1514,p.S152fs*1,2
1515,p.S1556Y,1
1516,p.S1556fs*22,1
1517,p.S1561fs*10,1
1518,p.S1561fs*17,1
1519,p.S1563F,2
1520,p.S1577fs*36,1
1521,p.S1583*,1
1522,p.S1586*,7
1523,p.S1599fs*14,1
1524,p.S1611fs*?,1
1525,p.S1612fs*1,1
1526,p.S1612fs*2,1
1527,p.S1630*,4
1528,p.S1638*,2
1529,p.S1638fs*40,1
1530,p.S1638fs*42,1
1531,p.S1663fs*32,1
1532,p.S1671fs*14,1
1533,p.S1671fs*16,1
1534,p.S1688fs*4,2
1535,p.S1707fs*10,1
1536,p.S1708fs*11,1
1537,p.S1708fs*6,1
1538,p.S1758*,1
1539,p.S1758fs*5,1
1540,p.S1767fs*53,1
1541,p.S1798*,1
1542,p.S1820fs*11,1
1543,p.S1820fs*15,1
1544,p.S1838fs*7,1
1545,p.S1848*,4
1546,p.S1848fs*11,1
1547,p.S1848fs*39,1
1548,p.S1853fs*34,2
1549,p.S1870*,1
1550,p.S1870L,3
1551,p.S1870P,1
1552,p.S1870fs*5,1
1553,p.S1898F,8
1554,p.S189fs*18,2
1555,p.S1944F,1
1556,p.S1970C,1
1557,p.S1970P,1
1558,p.S214fs*11,2
1559,p.S231fs*23,2
1560,p.S254fs*38,1
1561,p.S261fs*32,2
1562,p.S268W,1
1563,p.S276fs*7,1
1564,p.S280fs*3,1
1565,p.S282F,2
1566,p.S315fs*31,1
1567,p.S315fs*32,1
1568,p.S315fs*?,1
1569,p.S327*,1
1570,p.S327fs*1,1
1571,p.S354*,7
1572,p.S356fs*18,1
1573,p.S357fs*15,2
1574,p.S358G,1
1575,p.S358R,1
1576,p.S385*,2
1577,p.S385fs*44,1
1578,p.S391fs*52,1
1579,p.S393fs*34,3
1580,p.S402fs*25,1
1581,p.S402fs*?,1
1582,p.S407fs*19,1
1583,p.S407fs*20,1
1584,p.S420*,3
1585,p.S424fs*3,1
1586,p.S460F,6
1587,p.S460fs*26,3
1588,p.S462R,1
1589,p.S471fs*8,1
1590,p.S509*,4
1591,p.S521N,2
1592,p.S521fs*1,2
1593,p.S522fs*14,2
1594,p.S585fs*16,1
1595,p.S588*,4
1596,p.S602fs*37,4
1597,p.S609C,1
1598,p.S609fs*30,1
1599,p.S631*,1
1600,p.S675*,2
1601,p.S708*,2
1602,p.S714*,5
1603,p.S716*,2
1604,p.S716fs*35,1
1605,p.S716fs*6,2
1606,p.S733F,1
1607,p.S733fs*21,2
1608,p.S736*,2
1609,p.S765G,2
1610,p.S774T,2
1611,p.S792*,3
1612,p.S792fs*1,1
1613,p.S794*,6
1614,p.S817T,1
1615,p.S817fs*2,1
1616,p.S820fs*22,6
1617,p.S825*,12
1618,p.S825fs*1,5
1619,p.S826I,1
1620,p.S826fs*15,2
1621,p.S82fs*2,2
1622,p.S833fs*13,1
1623,p.S833fs*8,1
1624,p.S835*,3
1625,p.S842*,4
1626,p.S842fs*31,1
1627,p.S86fs*14,1
1628,p.S890A,6
1629,p.S99T,2
1630,p.S99fs*13,1
1631,p.T1007A,1
1632,p.T1047fs*11,2
1633,p.T1047fs*8,4
1634,p.T1047fs*9,2
1635,p.T1066fs*16,2
1636,p.T1069fs*13,2
1637,p.T1070fs*12,2
1638,p.T1078P,1
1639,p.T1078fs*?,1
1640,p.T1085fs*21,1
1641,p.T1093fs*12,1
1642,p.T1096fs*7,1
1643,p.T1114I,2
1644,p.T1114fs*16,1
1645,p.T1114fs*?,1
1646,p.T1149A,1
1647,p.T1183fs*2,1
1648,p.T1183fs*3,1
1649,p.T1220fs*6,1
1650,p.T1249N,1
1651,p.T1251fs*15,1
1652,p.T1257fs*11,1
1653,p.T1259fs*9,1
1654,p.T1270A,1
1655,p.T1270P,1
1656,p.T1270fs*?,1
1657,p.T1280I,1
1658,p.T1331fs*32,1
1659,p.T1336_Y1337>D,1
1660,p.T1372I,2
1661,p.T1372fs*26,1
1662,p.T1393A,1
1663,p.T1393I,1
1664,p.T1393P,1
1665,p.T1397I,1
1666,p.T1399fs*2,1
1667,p.T1463P,1
1668,p.T1502fs*69,1
1669,p.T1554fs,1
1670,p.T1554fs*16,2
1671,p.T164fs*6,1
1672,p.T1677fs*11,1
1673,p.T1710fs*8,1
1674,p.T1726fs*18,2
1675,p.T1726fs*19,1
1676,p.T1726fs*20,1
1677,p.T1737fs*2,1
1678,p.T1737fs*8,1
1679,p.T1867_S1870del,2
1680,p.T1883I,2
1681,p.T1883R,1
1682,p.T1883fs*4,3
1683,p.T1884A,9
1684,p.T1884I,1
1685,p.T1884N,1
1686,p.T1884fs*3,1
1687,p.T1884fs*8,1
1688,p.T1980fs*24,1
1689,p.T1985I,1
1690,p.T1985fs*20,1
1691,p.T212fs*39,2
1692,p.T221fs*?,1
1693,p.T229A,1
1694,p.T229fs*21,3
1695,p.T229fs*25,6
1696,p.T229fs*26,1
1697,p.T245fs*9,2
1698,p.T257A,2
1699,p.T270fs*?,1
1700,p.T313fs*18,3
1701,p.T313fs*33,1
1702,p.T443fs*11,1
1703,p.T467fs*18,2
1704,p.T492S,1
1705,p.T495fs*2,2
1706,p.T497S,1
1707,p.T497fs*2,2
1708,p.T549fs*12,3
1709,p.T556fs*11,6
1710,p.T621fs*13,1
1711,p.T625fs*14,2
1712,p.T665fs*35,1
1713,p.T665fs*36,1
1714,p.T665fs*?,1
1715,p.T691fs*6,2
1716,p.T779fs*2,2
1717,p.T779fs*35,2
1718,p.T838fs*3,2
1719,p.T859fs*14,1
1720,p.T940fs*13,1
1721,p.T970fs*37,1
1722,p.T995P,1
1723,p.T995fs*20,1
1724,p.V1054fs*1,2
1725,p.V1056fs*2,2
1726,p.V1062V,1
1727,p.V1062fs*6,1
1728,p.V1124fs*13,2
1729,p.V1136fs*15,1
1730,p.V1157fs*?,2
1731,p.V1180F,1
1732,p.V1199I,1
1733,p.V1199fs*27,3
1734,p.V1213M,2
1735,p.V1227E,1
1736,p.V1371D,1
1737,p.V1371fs*76,1
1738,p.V1395fs*?,3
1739,p.V1417F,11
1740,p.V1423fs*25,1
1741,p.V1423fs*26,1
1742,p.V1454fs*24,1
1743,p.V1454fs*4,1
1744,p.V151fs*10,1
1745,p.V1521fs*58,1
1746,p.V1557fs*21,1
1747,p.V160fs*22,1
1748,p.V1718L,17
1749,p.V1833fs*?,1
1750,p.V1862fs*24,1
1751,p.V1864E,1
1752,p.V1900F,1
1753,p.V1900delV,1
1754,p.V1984fs*18,1
1755,p.V198fs*4,1
1756,p.V218M,12
1757,p.V218fs*32,9
1758,p.V218fs*34,1
1759,p.V218fs*7,1
1760,p.V238F,1
1761,p.V242fs*12,2
1762,p.V386fs*41,1
1763,p.V430A,1
1764,p.V498fs*?,2
1765,p.V636fs*3,2
1766,p.V698fs*2,2
1767,p.V74fs*1,2
1768,p.V802fs*14,1
1769,p.V872fs*44,1
1770,p.V9I,2
1771,p.W1003*,2
1772,p.W1003fs*1,3
1773,p.W1198*,5
1774,p.W1233*,2
1775,p.W1233G,2
1776,p.W1291*,1
1777,p.W1291C,1
1778,p.W1291R,2
1779,p.W1847*,6
1780,p.W1847fs*11,1
1781,p.W1917*,3
1782,p.W564*,3
1783,p.W954*,6
1784,p.W954fs*1,2
1785,p.Y1128fs*1,2
1786,p.Y1128fs*2,2
1787,p.Y1148*,3
1788,p.Y1148C,2
1789,p.Y1148H,1
1790,p.Y1148fs*4,2
1791,p.Y1148fs*9,1
1792,p.Y1182>*,1
1793,p.Y1245*,3
1794,p.Y1245C,1
1795,p.Y1245fs*21,1
1796,p.Y1245fs*22,7
1797,p.Y1255*,15
1798,p.Y1255fs*1,5
1799,p.Y1255fs*11,1
1800,p.Y1255fs*13,2
1801,p.Y1255fs*?,1
1802,p.Y1294C,5
1803,p.Y1295*,1
1804,p.Y1295fs*1,1
1805,p.Y1337*,3
1806,p.Y1337fs*1,3
1807,p.Y1337fs*21,2
1808,p.Y1345*,1
1809,p.Y1345S,1
1810,p.Y1351*,1
1811,p.Y1351fs*1,1
1812,p.Y1351fs*12,1
1813,p.Y1421*,1
1814,p.Y1421fs*4,1
1815,p.Y1560*,1
1816,p.Y1560fs*1,4
1817,p.Y1560fs*11,1
1818,p.Y1560fs*18,2
1819,p.Y1569*,3
1820,p.Y1569fs*8,1
1821,p.Y1579S,1
1822,p.Y1579fs*1,2
1823,p.Y1589*,1
1824,p.Y1589fs*1,1
1825,p.Y1598*,2
1826,p.Y1598fs*12,1
1827,p.Y1608*,2
1828,p.Y1608fs*47,1
1829,p.Y1618*,1
1830,p.Y1618fs*1,3
1831,p.Y1618fs*4,1
1832,p.Y1618fs*5,1
1833,p.Y1628*,3
1834,p.Y1631*,6
1835,p.Y1631fs*28,1
1836,p.Y1645*,3
1837,p.Y1645fs*11,1
1838,p.Y1659*,2
1839,p.Y1661*,1
1840,p.Y1677fs*1,1
1841,p.Y1679fs*16,1
1842,p.Y1679fs*8,1
1843,p.Y1693*,2
1844,p.Y1696C,1
1845,p.Y1724*,1
1846,p.Y1751fs*12,1
1847,p.Y1751fs*3,1
1848,p.Y1766*,4
1849,p.Y1902H,3
1850,p.Y1902S,2
1851,p.Y1902fs*6,1
1852,p.Y192fs*1,2
1853,p.Y2001*,1
1854,p.Y234*,1
1855,p.Y370*,1
1856,p.Y370fs*5,2
1857,p.Y380fs*46,1
1858,p.Y380fs*47,1
1859,p.Y437fs*7,2
1860,p.Y559*,2
1861,p.Y592*,2
1862,p.Y605fs*1,4
1863,p.Y61fs*?,2
1864,p.Y620*,2
1865,p.Y620fs*1,2
1866,p.Y634fs*6,1
1867,p.Y819fs*1,4
1868,p.Y819fs*2,2
1869,p.Y819fs*4,1
1870,p.Y867H,5
1871,p.Y899fs*1,2
1872,p.fs*?,1
